price,city,district,type,listing_type
225900, Bratislava-Staré Mesto,Bratislava,2 izbový byt,sale
215000, Bratislava-Staré Mesto,Bratislava,2 izbový byt,sale
145000, Zvolen,Zvolen,3 izbový byt,sale
1050, Košice-Lorinčík,Košice,2 izbový byt,rent
245000, Miloslavov,Senec,5 a viac izbový byt,sale
185000, Košice-Staré Mesto,Košice,2 izbový byt,sale
326990, Bratislava-Ružinov,Bratislava,4 izbový byt,sale
695000, Bratislava-Nové Mesto,Bratislava,4 izbový byt,sale
495000, Bratislava-Nové Mesto,Bratislava,3 izbový byt,sale
765000, Chorvátsky Grob,Senec,Rodinný dom,sale
284950,Senec,Senec,Pozemok pre rodinné domy,sale
369990, Bratislava-Nové Mesto,Bratislava,5 a viac izbový byt,sale
230000, Bratislava-Dúbravka,Bratislava,2 izbový byt,sale
309000,Lehnice,Dunajská,Rodinný dom,sale
209000, Bratislava-Podunajské Biskupice,Bratislava,Obchodné priestory,sale
630, Bratislava-Petržalka,Bratislava,2 izbový byt,rent
3630, Bratislava-Ružinov,Bratislava,Skladový objekt,rent
118000,Trenčianske Teplice,Trenčín,2 izbový byt,sale
1250, Bratislava-Ružinov,Bratislava,2 izbový byt,rent
430000, Bratislava-Nové Mesto,Bratislava,3 izbový byt,sale
190000, Bratislava-Nové Mesto,Bratislava,1 izbový byt,sale
171000, Pezinok,Pezinok,3 izbový byt,sale
455000, Donovaly,Banská,"Chalupa, rekreačný domček",sale
455000, Donovaly,Banská,"Chalupa, rekreačný domček",sale
350000, Košice-Barca,Košice,Pozemok pre rodinné domy,sale
399990, Bratislava-Staré Mesto,Bratislava,4 izbový byt,sale
1900, Bratislava-Staré Mesto,Bratislava,4 izbový byt,rent
390000, Bratislava-Karlova Ves,Bratislava,3 izbový byt,sale
329900, Bratislava-Nové Mesto,Bratislava,2 izbový byt,sale
600, Bratislava-Nové Mesto,Bratislava,1 izbový byt,rent
190000, Hubice,Dunajská,Rodinný dom,sale
619000, Žilina,Žilina,Rodinný dom,sale
229000, Bratislava-Petržalka,Bratislava,3 izbový byt,sale
218700, Stupava,Malacky,3 izbový byt,sale
720, Bratislava-Ružinov,Bratislava,2 izbový byt,rent
185000, Bratislava-Ružinov,Bratislava,2 izbový byt,sale
170000, Veľký Šariš,Prešov,3 izbový byt,sale
1550000, Bratislava-Staré Mesto,Bratislava,Rodinný dom,sale
535000, Častá,Pezinok,Rodinný dom,sale
389900, Bratislava-Staré Mesto,Bratislava,3 izbový byt,sale
140000, Pezinok,Pezinok,"Chalupa, rekreačný domček",sale
333350, Bratislava-Ružinov,Bratislava,2 izbový byt,sale
299990, Bratislava-Ružinov,Bratislava,2 izbový byt,sale
189990, Bratislava-Nové Mesto,Bratislava,1 izbový byt,sale
1500000, Bratislava-Staré Mesto,Bratislava,3 izbový byt,sale
676500, Bratislava-Petržalka,Bratislava,Obchodné priestory,sale
335000, Bratislava-Staré Mesto,Bratislava,3 izbový byt,sale
450000, Bratislava-Devínska Nová Ves,Bratislava,Rodinný dom,sale
299750, Bratislava-Staré Mesto,Bratislava,2 izbový byt,sale
870000, Bratislava-Staré Mesto,Bratislava,4 izbový byt,sale
295200, Bratislava-Nové Mesto,Bratislava,"Kancelárie, administratívne priestory",sale
307900, Bratislava-Ružinov,Bratislava,3 izbový byt,sale
829000, Bratislava-Staré Mesto,Bratislava,4 izbový byt,sale
230000, Nová Dedinka,Senec,Pozemok pre rodinné domy,sale
424250, Lozorno,Malacky,Pozemok pre rodinné domy,sale
350000, Bratislava-Lamač,Bratislava,Pozemok pre rodinné domy,sale
269000, Bratislava-Nové Mesto,Bratislava,4 izbový byt,sale
112000,Háj,Košice,Rodinný dom,sale
309900, Bratislava-Karlova Ves,Bratislava,4 izbový byt,sale
152000, Piešťany,Piešťany,4 izbový byt,sale
309000, Bernolákovo,Senec,Rodinný dom,sale
256000,Prešov,Prešov,4 izbový byt,sale
265000,Štefanová,Pezinok,Rodinný dom,sale
265000, Modra,Pezinok,Rodinný dom,sale
265000, Pezinok,Pezinok,Rodinný dom,sale
265000, Trnava,Trnava,Rodinný dom,sale
1000, Košice-Lorinčík,Košice,3 izbový byt,rent
259000, Pezinok,Pezinok,3 izbový byt,sale
259000, Pezinok,Pezinok,4 izbový byt,sale
629, Nitra,Nitra,2 izbový byt,rent
286000, Bratislava-Staré Mesto,Bratislava,3 izbový byt,sale
485000, Bratislava-Nové Mesto,Bratislava,3 izbový byt,sale
192500,Vysoké Tatry,Poprad,2 izbový byt,sale
379000, Most pri Bratislave,Senec,Rodinný dom,sale
292500,Vysoké Tatry,Poprad,3 izbový byt,sale
186300,Vysoké Tatry,Poprad,2 izbový byt,sale
99900,Krupina,Krupina,Rodinný dom,sale
179900, Bratislava-Petržalka,Bratislava,2 izbový byt,sale
425000,Bratislava-Vajnory,Bratislava,4 izbový byt,sale
360000,Hrubá Borša,Senec,Rodinný dom,sale
459900, Bratislava-Staré Mesto,Bratislava,4 izbový byt,sale
386910, Košice-Juh,Košice,4 izbový byt,sale
230320, Košice-Juh,Košice,3 izbový byt,sale
183017, Košice-Juh,Košice,2 izbový byt,sale
170000,Trnava,Trnava,Rodinný dom,sale
189900, Ivanka pri Dunaji,Senec,3 izbový byt,sale
329000, Hviezdoslavov,Dunajská,Rodinný dom,sale
249000, Cífer,Trnava,Rodinný dom,sale
287990, Hviezdoslavov,Dunajská,Rodinný dom,sale
259000, Bratislava-Nové Mesto,Bratislava,2 izbový byt,sale
224900, Bratislava-Ružinov,Bratislava,3 izbový byt,sale
297800, Ruskov,Košice,Rodinný dom,sale
225000, Lubina,Nové,Rodinný dom,sale
750000, Bratislava-Staré Mesto,Bratislava,4 izbový byt,sale
219000, Trnava,Trnava,Rodinný dom,sale
219000, Slovenská Nová Ves,Trnava,Rodinný dom,sale
223900, Bratislava-Záhorská Bystrica,Bratislava,2 izbový byt,sale
830, Bratislava-Staré Mesto,Bratislava,2 izbový byt,rent
229990, Bratislava-Karlova Ves,Bratislava,3 izbový byt,sale
1249000, Bratislava-Záhorská Bystrica,Bratislava,Rodinný dom,sale
118000, Borský Mikuláš,Senica,Rodinný dom,sale
700, Bratislava-Karlova Ves,Bratislava,3 izbový byt,rent
260000, Bratislava-Ružinov,Bratislava,2 izbový byt,sale
700, Bratislava-Dúbravka,Bratislava,2 izbový byt,rent
630, Bratislava-Ružinov,Bratislava,1 izbový byt,rent
950,Bratislava-Devínska Nová Ves,Bratislava,3 izbový byt,rent
400000, Bratislava-Petržalka,Bratislava,3 izbový byt,sale
690, Bratislava-Lamač,Bratislava,2 izbový byt,rent
308000, Bratislava-Staré Mesto,Bratislava,2 izbový byt,sale
499000, Bratislava-Staré Mesto,Bratislava,4 izbový byt,sale
1090000, Limbach,Pezinok,Rodinný dom,sale
950, Bratislava-Staré Mesto,Bratislava,2 izbový byt,rent
235000, Bratislava-Staré Mesto,Bratislava,2 izbový byt,sale
529000, Slovenský Grob,Pezinok,Rodinný dom,sale
680, Bratislava-Staré Mesto,Bratislava,2 izbový byt,rent
201000, Bratislava-Rača,Bratislava,2 izbový byt,sale
950, Bratislava-Lamač,Bratislava,3 izbový byt,rent
680, Bratislava-Petržalka,Bratislava,2 izbový byt,rent
419990,Hubice,Dunajská,Rodinný dom,sale
850, Bratislava-Karlova Ves,Bratislava,3 izbový byt,rent
408277, Bratislava-Ružinov,Bratislava,4 izbový byt,sale
319162, Bratislava-Ružinov,Bratislava,3 izbový byt,sale
229000,Bali,,Rodinný dom,sale
239900,Borský Svätý Jur,Senica,Rodinný dom,sale
6, Bratislava-Staré Mesto,Bratislava,"Kancelárie, administratívne priestory",rent
519000, Chorvátsky Grob,Senec,Rodinný dom,sale
220000, Bratislava-Devínska Nová Ves,Bratislava,2 izbový byt,sale
299990, Bratislava-Nové Mesto,Bratislava,2 izbový byt,sale
849990,Banská Štiavnica,Banská,Rodinný dom,sale
299900,Donovaly,Banská,5 a viac izbový byt,sale
1590, Bratislava-Staré Mesto,Bratislava,4 izbový byt,rent
1950000, Bratislava-Staré Mesto,Bratislava,Pozemok pre občiansku vybavenosť,sale
520000, Bratislava-Staré Mesto,Bratislava,3 izbový byt,sale
1950000, Bratislava-Staré Mesto,Bratislava,Administratívny objekt,sale
795000, Bratislava-Staré Mesto,Bratislava,Pozemok pre bytovú výstavbu,sale
690000,Donovaly,Banská,Rodinný dom,sale
399000, Bratislava-Staré Mesto,Bratislava,4 izbový byt,sale
379000, Dunajská Lužná,Senec,Pozemok pre rodinné domy,sale
905, Bratislava-Ružinov,Bratislava,3 izbový byt,rent
249990,Čadca,Čadca,Rodinný dom,sale
399000, Bratislava-Ružinov,Bratislava,Rodinný dom,sale
795000,Bratislava-Staré Mesto,Bratislava,Rodinný dom,sale
279000, Bratislava-Staré Mesto,Bratislava,3 izbový byt,sale
1050, Bratislava-Staré Mesto,Bratislava,Obchodné priestory,rent
399000, Bratislava-Staré Mesto,Bratislava,3 izbový byt,sale
297, Bratislava-Vajnory,Bratislava,"Kancelárie, administratívne priestory",rent
259900,Lehnice,Dunajská,Rodinný dom,sale
259900,Lehnice,Dunajská,Rodinný dom,sale
89000,Vojka nad Dunajom,Dunajská,Pozemok pre rodinné domy,sale
159900, Senec,Senec,2 izbový byt,sale
244900, Hviezdoslavov,Dunajská,Rodinný dom,sale
249900,Miloslavov,Senec,Rodinný dom,sale
219900,Bratislava-Ružinov,Bratislava,2 izbový byt,sale
9990, Bratislava-Dúbravka,Bratislava,Obchodné priestory,sale
329990, Bratislava-Ružinov,Bratislava,4 izbový byt,sale
599990, Bratislava-Staré Mesto,Bratislava,4 izbový byt,sale
799, Bratislava-Staré Mesto,Bratislava,2 izbový byt,rent
319990, Bratislava-Staré Mesto,Bratislava,3 izbový byt,sale
235000, Nitra,Nitra,3 izbový byt,sale
265000, Prešov,Prešov,Rodinný dom,sale
243000, Žilina,Žilina,4 izbový byt,sale
70000, Žilina,Žilina,Záhradná chatka,sale
290000, Žilina,Žilina,4 izbový byt,sale
295000,Cífer,Trnava,Rodinný dom,sale
410000, Bratislava-Jarovce,Bratislava,Rodinný dom,sale
730000, Bratislava-Staré Mesto,Bratislava,3 izbový byt,sale
1300000,Bratislava-Nové Mesto,Bratislava,Pozemok pre rodinné domy,sale
285000,Bratislava-Podunajské Biskupice,Bratislava,Pozemok pre rodinné domy,sale
319800, Bratislava-Podunajské Biskupice,Bratislava,Rodinný dom,sale
60000,Jablonové,Malacky,Pozemok pre rodinné domy,sale
60000,Jablonové,Malacky,Pozemok pre rodinné domy,sale
133500, Závadka nad Hronom,Brezno,"Chalupa, rekreačný domček",sale
199900, Bratislava-Ružinov,Bratislava,2 izbový byt,sale
159000, Levoča,Levoča,Rodinný dom,sale
885000, Bratislava-Karlova Ves,Bratislava,Rodinný dom,sale
470000, Bratislava-Staré Mesto,Bratislava,3 izbový byt,sale
449000, Bratislava-Staré Mesto,Bratislava,3 izbový byt,sale
580, Bratislava-Petržalka,Bratislava,Garsónka,rent
132000, Košice-Západ,Košice,1 izbový byt,sale
159000, Levoča,Levoča,Pozemok pre rodinné domy,sale
74250,Dolný Bar,Dunajská,Pozemok pre rodinné domy,sale
159640, Miloslavov,Senec,Pozemok pre rodinné domy,sale
45000,Dolný Bar,Dunajská,Pozemok pre rodinné domy,sale
279500, Nová Dedinka,Senec,Rodinný dom,sale
700, Bratislava-Petržalka,Bratislava,2 izbový byt,rent
1000, Bratislava-Staré Mesto,Bratislava,2 izbový byt,rent
650, Bratislava-Petržalka,Bratislava,1 izbový byt,rent
600, Bratislava-Petržalka,Bratislava,2 izbový byt,rent
600, Bratislava-Petržalka,Bratislava,2 izbový byt,rent
319000,Kostolište,Malacky,Rodinný dom,sale
600, Bratislava-Ružinov,Bratislava,2 izbový byt,rent
150000, Liptovský Mikuláš,Liptovský,2 izbový byt,sale
159990, Prievidza,Prievidza,3 izbový byt,sale
304990, Kvetoslavov,Dunajská,Rodinný dom,sale
259900, Bratislava-Ružinov,Bratislava,2 izbový byt,sale
197900, Bratislava-Rača,Bratislava,1 izbový byt,sale
410000, Dunajská Lužná,Senec,Rodinný dom,sale
350000, Bratislava-Staré Mesto,Bratislava,3 izbový byt,sale
195000, Bratislava-Petržalka,Bratislava,2 izbový byt,sale
385000, Miloslavov,Senec,Rodinný dom,sale
169900, Bratislava-Karlova Ves,Bratislava,1 izbový byt,sale
299990,Hviezdoslavov,Dunajská,Rodinný dom,sale
390000, Malinovo,Senec,Rodinný dom,sale
710, Bratislava-Ružinov,Bratislava,Obchodné priestory,rent
490000, Bratislava-Staré Mesto,Bratislava,4 izbový byt,sale
354000, Žilina,Žilina,3 izbový byt,sale
267510, Senec,Senec,4 izbový byt,sale
164000, Košice-Krásna,Košice,Pozemok pre rodinné domy,sale
310000, Kostolište,Malacky,Rodinný dom,sale
629000, Bratislava-Staré Mesto,Bratislava,4 izbový byt,sale
1200000, Bratislava-Ružinov,Bratislava,5 a viac izbový byt,sale
295000, Malacky,Malacky,Rodinný dom,sale
620, Hviezdoslavov,Dunajská,3 izbový byt,rent
1700, Bratislava-Nové Mesto,Bratislava,4 izbový byt,rent
309900, Horný Bar,Dunajská,Rodinný dom,sale
274990, Bratislava-Devínska Nová Ves,Bratislava,2 izbový byt,sale
320,Malacky,Malacky,Polyfunkčný objekt,rent
369900, Moravský Svätý Ján,Senica,Rodinný dom,sale
750, Bratislava-Dúbravka,Bratislava,2 izbový byt,rent
449990, Bratislava-Devínska Nová Ves,Bratislava,4 izbový byt,sale
499990, Bratislava-Devínska Nová Ves,Bratislava,3 izbový byt,sale
504990, Bratislava-Devínska Nová Ves,Bratislava,Mezonet,sale
259990, Bratislava-Devínska Nová Ves,Bratislava,2 izbový byt,sale
369990, Bratislava-Devínska Nová Ves,Bratislava,3 izbový byt,sale
409990, Bratislava-Devínska Nová Ves,Bratislava,4 izbový byt,sale
229900,Horný Bar,Dunajská,Rodinný dom,sale
396, Malacky,Malacky,"Kancelárie, administratívne priestory",rent
499000, Bratislava-Jarovce,Bratislava,Hausbót,sale
329000, Hodruša-Hámre,Žarnovica,Rodinný dom,sale
178000, Bratislava-Nové Mesto,Bratislava,2 izbový byt,sale
349900, Bratislava-Staré Mesto,Bratislava,2 izbový byt,sale
167000, Košúty,Galanta,Rodinný dom,sale
439000, Senec,Senec,Rodinný dom,sale
439000, Veľké Úľany,Galanta,Rodinný dom,sale
136000, Senec,Senec,Pozemok pre rodinné domy,sale
479000, Žilina,Žilina,Rodinný dom,sale
219000, Bratislava-Ružinov,Bratislava,2 izbový byt,sale
168000,Šarišská Trstená,Prešov,Rodinný dom,sale
248000,Tulčík,Prešov,Rodinný dom,sale
142900, Prešov,Prešov,2 izbový byt,sale
161900, Prešov,Prešov,1 izbový byt,sale
289999, Bratislava-Ružinov,Bratislava,3 izbový byt,sale
143000, Prešov,Prešov,2 izbový byt,sale
165000, Prešov,Prešov,2 izbový byt,sale
153000, Prešov,Prešov,3 izbový byt,sale
162999, Piešťany,Piešťany,3 izbový byt,sale
219900, Bratislava-Podunajské Biskupice,Bratislava,2 izbový byt,sale
169990, Piešťany,Piešťany,3 izbový byt,sale
264990, Bratislava-Staré Mesto,Bratislava,4 izbový byt,sale
249990, Bratislava-Staré Mesto,Bratislava,3 izbový byt,sale
124990, Stupava,Malacky,1 izbový byt,sale
264990, Bratislava-Staré Mesto,Bratislava,3 izbový byt,sale
409000, Bratislava-Karlova Ves,Bratislava,3 izbový byt,sale
302900, Bratislava-Ružinov,Bratislava,3 izbový byt,sale
499000, Žilina,Žilina,4 izbový byt,sale
1250, Bratislava-Karlova Ves,Bratislava,4 izbový byt,rent
121900, Bratislava-Rača,Bratislava,1 izbový byt,sale
217893, Piešťany,Piešťany,2 izbový byt,sale
246591, Piešťany,Piešťany,3 izbový byt,sale
499900, Bratislava-Staré Mesto,Bratislava,4 izbový byt,sale
369000, Piešťany,Piešťany,4 izbový byt,sale
239900, Bratislava-Petržalka,Bratislava,4 izbový byt,sale
269990, Bratislava-Ružinov,Bratislava,3 izbový byt,sale
95000,Devičany,Levice,Rodinný dom,sale
800, Bratislava-Nové Mesto,Bratislava,2 izbový byt,rent
89990, Čereňany,Prievidza,Pozemok pre rodinné domy,sale
156000, Bratislava-Podunajské Biskupice,Bratislava,2 izbový byt,sale
1900, Bratislava-Staré Mesto,Bratislava,4 izbový byt,rent
590, Bratislava-Staré Mesto,Bratislava,2 izbový byt,rent
1990, Bratislava-Nové Mesto,Bratislava,4 izbový byt,rent
1990, Bratislava-Nové Mesto,Bratislava,Rodinný dom,rent
1060000, Bratislava-Staré Mesto,Bratislava,5 a viac izbový byt,sale
1100, Žilina,Žilina,"Kancelárie, administratívne priestory",rent
222, Trenčín,Trenčín,4 izbový byt,sale
449999, Senec,Senec,Rodinný dom,sale
379000, Malinovo,Senec,Rodinný dom,sale
529900, Bratislava-Nové Mesto,Bratislava,4 izbový byt,sale
314900, Bratislava-Nové Mesto,Bratislava,2 izbový byt,sale
720, Bratislava-Staré Mesto,Bratislava,2 izbový byt,rent
1250,Bratislava-Staré Mesto,Bratislava,3 izbový byt,rent
295000, Malacky,Malacky,Rodinný dom,sale
195000, Malacky,Malacky,Rodinný dom,sale
519000, Am Strandbad,,4 izbový byt,sale
279000, Bratislava-Ružinov,Bratislava,3 izbový byt,sale
230000, Bratislava-Nové Mesto,Bratislava,2 izbový byt,sale
439000,Trnava,Trnava,Rodinný dom,sale
289999, Dunajská Streda,Dunajská,Rodinný dom,sale
160000, Trnava,Trnava,2 izbový byt,sale
188000,Trnava,Trnava,Rodinný dom,sale
249000,Nové Zámky,Nové,Rodinný dom,sale
59990,Ploské,Košice,Pozemok pre rodinné domy,sale
239800, Bratislava-Petržalka,Bratislava,2 izbový byt,sale
159800, Bratislava-Petržalka,Bratislava,Garsónka,sale
105000,Nižná Kamenica,Košice,Pozemok pre rodinné domy,sale
154900, Košice-Juh,Košice,2 izbový byt,sale
225000, Kráľová pri Senci,Senec,Rodinný dom,sale
218000, Veľké Kostoľany,Piešťany,Rodinný dom,sale
690, Bratislava-Ružinov,Bratislava,2 izbový byt,rent
170000, Valča,Martin,Apartmán,sale
950, Bratislava-Staré Mesto,Bratislava,3 izbový byt,rent
398500, Moravany nad Váhom,Piešťany,Rodinný dom,sale
790000, Bratislava-Záhorská Bystrica,Bratislava,Rodinný dom,sale
790000, Malacky,Malacky,Rodinný dom,sale
284000, Stupava,Malacky,Rodinný dom,sale
277000, Bratislava-Ružinov,Bratislava,3 izbový byt,sale
275000, Bratislava-Staré Mesto,Bratislava,2 izbový byt,sale
890, Senec,Senec,3 izbový byt,rent
148000, Trnava,Trnava,1 izbový byt,sale
255000, Trnava,Trnava,3 izbový byt,sale
127000, Hlohovec,Hlohovec,2 izbový byt,sale
210000, Trnava,Trnava,Rodinný dom,sale
210000, Boleráz,Trnava,Rodinný dom,sale
329000, Bratislava-Dúbravka,Bratislava,3 izbový byt,sale
7083.33, Bratislava-Staré Mesto,Bratislava,Reštaurácia,rent
229990, Bratislava-Petržalka,Bratislava,2 izbový byt,sale
1,Bánovce nad Bebravou,Bánovce,2 izbový byt,sale
269000, Bratislava-Ružinov,Bratislava,2 izbový byt,sale
399000,Šenkvice,Pezinok,Rodinný dom,sale
90000, Poprad,Poprad,Pozemok pre rodinné domy,sale
179000, Šamorín,Dunajská,3 izbový byt,sale
150000,Bratislava-Dúbravka,Bratislava,Garsónka,sale
299000, Bratislava-Staré Mesto,Bratislava,2 izbový byt,sale
599000, Bratislava-Staré Mesto,Bratislava,3 izbový byt,sale
799000, Bratislava-Staré Mesto,Bratislava,4 izbový byt,sale
108000, Dunajská Streda,Dunajská,2 izbový byt,sale
600, Galanta,Galanta,Obchodné priestory,rent
150000,Bratislava-Dúbravka,Bratislava,1 izbový byt,sale
281000,Dunajský Klátov,Dunajská,Rodinný dom,sale
270000, Senec,Senec,Orná pôda,sale
359000, Bratislava-Vrakuňa,Bratislava,Rodinný dom,sale
160000,Rajka,,3 izbový byt,sale
139900,,Poprad,3 izbový byt,sale
249990, Bratislava-Petržalka,Bratislava,2 izbový byt,sale
620, Bratislava-Staré Mesto,Bratislava,1 izbový byt,rent
145000, Veľké Úľany,Galanta,3 izbový byt,sale
120, Bratislava-Nové Mesto,Bratislava,Garáž,rent
258000,Seget - Trogir,,3 izbový byt,sale
178000,Malacky,Malacky,3 izbový byt,sale
259000, Bratislava-Ružinov,Bratislava,2 izbový byt,sale
345000, Malacky,Malacky,Rodinný dom,sale
295000, Bratislava-Nové Mesto,Bratislava,2 izbový byt,sale
749000,Donovaly,Banská,Rodinný dom,sale
165000, Svätý Jur,Pezinok,2 izbový byt,sale
231000, Trnava,Trnava,3 izbový byt,sale
54990, Košice-Sever,Košice,Záhrada,sale
120040, Sládkovičovo,Galanta,2 izbový byt,sale
195000, Bernolákovo,Senec,3 izbový byt,sale
100000, Šaľa,Šaľa,3 izbový byt,sale
275000, Miloslavov,Senec,Rodinný dom,sale
127500, Šaľa,Šaľa,3 izbový byt,sale
99000, Šaľa,Šaľa,3 izbový byt,sale
299000, Bratislava-Petržalka,Bratislava,2 izbový byt,sale
219900, Bratislava-Rača,Bratislava,2 izbový byt,sale
455000, Bratislava-Staré Mesto,Bratislava,3 izbový byt,sale
299000, Bratislava-Nové Mesto,Bratislava,2 izbový byt,sale
439000, Slovenský Grob,Pezinok,Rodinný dom,sale
319000, Bratislava-Staré Mesto,Bratislava,2 izbový byt,sale
149900, Bratislava-Petržalka,Bratislava,Garsónka,sale
365000, Bratislava-Dúbravka,Bratislava,4 izbový byt,sale
619000, Bratislava-Staré Mesto,Bratislava,4 izbový byt,sale
999000, Bratislava-Nové Mesto,Bratislava,Rodinný dom,sale
1250000, Bratislava-Nové Mesto,Bratislava,Rodinný dom,sale
269000, Bratislava-Staré Mesto,Bratislava,2 izbový byt,sale
4400, Bratislava-Staré Mesto,Bratislava,"Kancelárie, administratívne priestory",rent
209900,Nitra,Nitra,Rodinný dom,sale
264900,Nitra,Nitra,Rodinný dom,sale
128900,Levice,Levice,3 izbový byt,sale
335000,Žilina,Žilina,Rodinný dom,sale
94990,Nitra,Nitra,"Chalupa, rekreačný domček",sale
750000,Levice,Levice,Rodinný dom,sale
189800,Nitra,Nitra,3 izbový byt,sale
259990, Dunajská Streda,Dunajská,Rodinný dom,sale
189990,Nitra,Nitra,Rodinný dom,sale
55000,Bytča,Bytča,Pozemok pre rodinné domy,sale
264990,Ilava,Ilava,Rodinný dom,sale
169900,Horná Mariková,Považská,Rodinný dom,sale
159000,Vrútky,Martin,3 izbový byt,sale
114990,Trenčín,Trenčín,2 izbový byt,sale
184990,Dunajská Streda,Dunajská,3 izbový byt,sale
214900,Martin,Martin,4 izbový byt,sale
1,Martin,Martin,3 izbový byt,sale
149900,Nové Sady,Nitra,Rodinný dom,sale
167990,Žilina,Žilina,2 izbový byt,sale
149900,Terchová,Žilina,Pozemok pre rodinné domy,sale
251125,Senec,Senec,Rodinný dom,sale
244975, Nová Dedinka,Senec,Rodinný dom,sale
515000, Bratislava-Nové Mesto,Bratislava,4 izbový byt,sale
599900, Bratislava-Petržalka,Bratislava,Rodinný dom,sale
329000, Bratislava-Ružinov,Bratislava,4 izbový byt,sale
216000, Bratislava-Karlova Ves,Bratislava,2 izbový byt,sale
389990, Bratislava-Staré Mesto,Bratislava,2 izbový byt,sale
750000,Marianka,Malacky,Rodinný dom,sale
169000,Šamorín,Dunajská,Rodinný dom,sale
115000, Bratislava-Ružinov,Bratislava,Záhradná chatka,sale
125000, Bratislava-Petržalka,Bratislava,Garsónka,sale
289900, Bratislava-Nové Mesto,Bratislava,3 izbový byt,sale
549990,Malinovo,Senec,Rodinný dom,sale
320000, Bratislava-Ružinov,Bratislava,2 izbový byt,sale
210000, Malinovo,Senec,3 izbový byt,sale
275000, Bratislava-Dúbravka,Bratislava,4 izbový byt,sale
299900,Slovenský Grob,Pezinok,Rodinný dom,sale
299900,Slovenský Grob,Pezinok,4 izbový byt,sale
222000, Bratislava-Ružinov,Bratislava,2 izbový byt,sale
274000, Bratislava-Ružinov,Bratislava,3 izbový byt,sale
160000,Miloslavov,Senec,1 izbový byt,sale
265000, Bratislava-Staré Mesto,Bratislava,3 izbový byt,sale
230000,Bratislava-Devínska Nová Ves,Bratislava,2 izbový byt,sale
690, Bratislava-Rača,Bratislava,2 izbový byt,rent
384000,Hviezdoslavov,Dunajská,Rodinný dom,sale
900000, Bratislava-Ružinov,Bratislava,Administratívny objekt,sale
185500, Bratislava-Podunajské Biskupice,Bratislava,4 izbový byt,sale
177000,Trnava,Trnava,3 izbový byt,sale
274900, Bratislava-Ružinov,Bratislava,3 izbový byt,sale
45000,Šišov,Bánovce,Orná pôda,sale
90000,Mikušovce,Ilava,Pozemok pre rodinné domy,sale
500,Bratislava-Jarovce,Bratislava,1 izbový byt,rent
169000,,,Rodinný dom,sale
79000,,,Rodinný dom,sale
185000, Bratislava-Ružinov,Bratislava,1 izbový byt,sale
226900, Bratislava-Staré Mesto,Bratislava,2 izbový byt,sale
720, Bratislava-Staré Mesto,Bratislava,Garsónka,rent
349990, Košice-Lorinčík,Košice,4 izbový byt,sale
309990, Bratislava-Nové Mesto,Bratislava,4 izbový byt,sale
389990, Bratislava-Vrakuňa,Bratislava,Rodinný dom,sale
227990, Bratislava-Petržalka,Bratislava,3 izbový byt,sale
280000, Košice-Lorinčík,Košice,4 izbový byt,sale
900, Bratislava-Staré Mesto,Bratislava,3 izbový byt,rent
123000, Šaľa,Šaľa,3 izbový byt,sale
107000, Nové Zámky,Nové,Rodinný dom,sale
360000,Trebatice,Piešťany,Rodinný dom,sale
155000,Piešťany,Piešťany,4 izbový byt,sale
129000, Šúrovce,Trnava,Rodinný dom,sale
179900, Sereď,Galanta,Rodinný dom,sale
141900, Sereď,Galanta,3 izbový byt,sale
249000, Smolenice,Trnava,Rodinný dom,sale
197600,Veľké Kostoľany,Piešťany,Rodinný dom,sale
79900,Stupava,Malacky,"Chalupa, rekreačný domček",sale
74900, Malé Leváre,Malacky,Pozemok pre rodinné domy,sale
135000, Pata,Galanta,Rodinný dom,sale
285000, Kráľová nad Váhom,Šaľa,Rodinný dom,sale
97000, Sereď,Galanta,Pozemok pre rodinné domy,sale
273000, Bratislava-Staré Mesto,Bratislava,3 izbový byt,sale
289000, Bratislava-Staré Mesto,Bratislava,3 izbový byt,sale
129900, Mostová,Galanta,3 izbový byt,sale
248000, Horné Saliby,Galanta,Rodinný dom,sale
39900, Šaľa,Šaľa,Záhradná chatka,sale
499000, Chorvátsky Grob,Senec,Rodinný dom,sale
209900, Bratislava-Petržalka,Bratislava,2 izbový byt,sale
264900, Bratislava-Petržalka,Bratislava,3 izbový byt,sale
759900, Bratislava-Ružinov,Bratislava,4 izbový byt,sale
340000, Hviezdoslavov,Dunajská,Rodinný dom,sale
890, Bratislava-Ružinov,Bratislava,2 izbový byt,rent
375500,Dvory nad Žitavou,Nové,Rodinný dom,sale
890, Bratislava-Petržalka,Bratislava,Iný priestor,rent
275000, Piešťany,Piešťany,Rodinný dom,sale
230000, Čaňa,Košice,Rodinný dom,sale
65000, Nižná Hutka,Košice,"Chalupa, rekreačný domček",sale
129000, Geča,Košice,"Chalupa, rekreačný domček",sale
115000, Rozhanovce,Košice,Pozemok pre bytovú výstavbu,sale
160000, Bratislava-Petržalka,Bratislava,Dvojgarsónka,sale
369000,Senec,Senec,Rodinný dom,sale
149900,,,Rodinný dom,sale
185000, Galanta,Galanta,3 izbový byt,sale
232000, Senec,Senec,4 izbový byt,sale
125000, Spišská Nová Ves,Spišská,3 izbový byt,sale
690000, Limbach,Pezinok,Rodinný dom,sale
454900, Bratislava-Staré Mesto,Bratislava,4 izbový byt,sale
138000, Piešťany,Piešťany,2 izbový byt,sale
1970, Bratislava-Staré Mesto,Bratislava,3 izbový byt,rent
2200, Bratislava-Nové Mesto,Bratislava,Rodinný dom,rent
165000,Horný Bar,Dunajská,Rodinný dom,sale
205000,Malacky,Malacky,Rodinný dom,sale
205000,Senica,Senica,Rodinný dom,sale
479000,Lehnice,Dunajská,Rodinný dom,sale
148000, Bratislava-Ružinov,Bratislava,Obchodné priestory,sale
699, Bratislava-Staré Mesto,Bratislava,2 izbový byt,rent
148000, Bratislava-Ružinov,Bratislava,"Kancelárie, administratívne priestory",sale
650, Bratislava-Ružinov,Bratislava,2 izbový byt,rent
550, Bratislava-Nové Mesto,Bratislava,2 izbový byt,rent
430000,Štiavnické Bane,Banská,Rekreačný pozemok,sale
299990,Blahová,Dunajská,Rodinný dom,sale
561600, Bratislava-Nové Mesto,Bratislava,Pozemok pre rodinné domy,sale
196000, Stupava,Malacky,2 izbový byt,sale
1190, Bratislava-Staré Mesto,Bratislava,2 izbový byt,rent
599000, Bratislava-Devínska Nová Ves,Bratislava,4 izbový byt,sale
990, Bratislava-Staré Mesto,Bratislava,3 izbový byt,rent
274900, Bratislava-Staré Mesto,Bratislava,1 izbový byt,sale
649900, Bratislava-Staré Mesto,Bratislava,3 izbový byt,sale
539900, Bratislava-Staré Mesto,Bratislava,3 izbový byt,sale
468000, Bratislava-Staré Mesto,Bratislava,3 izbový byt,sale
899000, Bratislava-Staré Mesto,Bratislava,3 izbový byt,sale
1500, Bratislava-Nové Mesto,Bratislava,Rodinný dom,rent
1100, Bratislava-Staré Mesto,Bratislava,2 izbový byt,rent
1100, Bratislava-Staré Mesto,Bratislava,2 izbový byt,rent
799000, Bratislava-Staré Mesto,Bratislava,3 izbový byt,sale
2000, Bratislava-Staré Mesto,Bratislava,Rodinný dom,rent
515000, Bratislava-Karlova Ves,Bratislava,5 a viac izbový byt,sale
115000, Bratislava-Devínska Nová Ves,Bratislava,Pozemok pre rodinné domy,sale
470000, Bratislava-Devínska Nová Ves,Bratislava,Pozemok pre rodinné domy,sale
208000, Bratislava-Devínska Nová Ves,Bratislava,3 izbový byt,sale
117000, Bratislava-Ružinov,Bratislava,1 izbový byt,sale
800, Bratislava-Devínska Nová Ves,Bratislava,3 izbový byt,rent
30000, Bratislava-Devínska Nová Ves,Bratislava,Záhrada,sale
170500, Trnava,Trnava,2 izbový byt,sale
165000, Bratislava-Podunajské Biskupice,Bratislava,2 izbový byt,sale
105000, Bratislava-Devínska Nová Ves,Bratislava,Pozemok pre rodinné domy,sale
369000, Bratislava-Staré Mesto,Bratislava,3 izbový byt,sale
1450, Bratislava-Staré Mesto,Bratislava,2 izbový byt,rent
379000, Senec,Senec,Rodinný dom,sale
790, Bratislava-Ružinov,Bratislava,2 izbový byt,rent
95000, Bratislava-Devínska Nová Ves,Bratislava,Rekreačný pozemok,sale
310000, Bratislava-Nové Mesto,Bratislava,2 izbový byt,sale
590000, Bratislava-Petržalka,Bratislava,5 a viac izbový byt,sale
410000, Kalinkovo,Senec,Rodinný dom,sale
259990, Bratislava-Petržalka,Bratislava,2 izbový byt,sale
229000, Bratislava-Ružinov,Bratislava,2 izbový byt,sale
389000, Chorvátsky Grob,Senec,Rodinný dom,sale
275000, Rovinka,Senec,3 izbový byt,sale
298000, Bratislava-Karlova Ves,Bratislava,4 izbový byt,sale
248000, Bratislava-Ružinov,Bratislava,3 izbový byt,sale
600, Bratislava-Ružinov,Bratislava,2 izbový byt,rent
398000,Banská Bystrica,Banská,Rodinný dom,sale
199000,Bratislava-Petržalka,Bratislava,Loft,sale
710, Bratislava-Ružinov,Bratislava,2 izbový byt,rent
899000, Bratislava-Staré Mesto,Bratislava,Rodinný dom,sale
299000,Lipovce,Prešov,"Chata, drevenica, zrub",sale
460, Bratislava-Petržalka,Bratislava,1 izbový byt,rent
700, Bratislava-Staré Mesto,Bratislava,3 izbový byt,rent
1400, Bratislava-Petržalka,Bratislava,"Kancelárie, administratívne priestory",rent
284000, Stupava,Malacky,5 a viac izbový byt,sale
244900, Bernolákovo,Senec,Rodinný dom,sale
1, Ľubotice,Prešov,Priestor pre sklad,rent
262500, Bratislava-Ružinov,Bratislava,2 izbový byt,sale
445000, Malacky,Malacky,4 izbový byt,sale
228000,Žilina,Žilina,2 izbový byt,sale
440000, Bratislava-Vrakuňa,Bratislava,Rodinný dom,sale
990000, Bratislava-Staré Mesto,Bratislava,4 izbový byt,sale
864000, Bratislava-Nové Mesto,Bratislava,Rodinný dom,sale
429900, Bratislava-Staré Mesto,Bratislava,2 izbový byt,sale
690, Bratislava-Staré Mesto,Bratislava,1 izbový byt,rent
900, Bratislava-Staré Mesto,Bratislava,2 izbový byt,rent
620, Bratislava-Petržalka,Bratislava,2 izbový byt,rent
1100, Bratislava-Staré Mesto,Bratislava,3 izbový byt,rent
152900, Piešťany,Piešťany,1 izbový byt,sale
194900, Piešťany,Piešťany,2 izbový byt,sale
295900, Piešťany,Piešťany,3 izbový byt,sale
555900, Piešťany,Piešťany,4 izbový byt,sale
199500,Kotešová,Bytča,Rodinný dom,sale
126000, Košice-Nad jazerom,Košice,2 izbový byt,sale
208000,Andovce,Nové,Rodinný dom,sale
210000, Bratislava-Rača,Bratislava,2 izbový byt,sale
56000, Bratislava-Dúbravka,Bratislava,Záhrada,sale
199000, Hviezdoslavov,Dunajská,Rodinný dom,sale
204500, Bratislava-Nové Mesto,Bratislava,2 izbový byt,sale
245267.33, Bratislava-Ružinov,Bratislava,2 izbový byt,sale
790, Bratislava-Petržalka,Bratislava,2 izbový byt,rent
135000, Bratislava-Ružinov,Bratislava,"Chata, drevenica, zrub",sale
225000, Bratislava-Vrakuňa,Bratislava,2 izbový byt,sale
257500, Bratislava-Nové Mesto,Bratislava,2 izbový byt,sale
650, Bratislava-Ružinov,Bratislava,2 izbový byt,rent
32000, Bratislava-Ružinov,Bratislava,Garáž,sale
89900, Bratislava-Podunajské Biskupice,Bratislava,Záhrada,sale
120000,Rišňovce,Nitra,3 izbový byt,sale
95000,Svätoplukovo,Nitra,Pozemok pre rodinné domy,sale
59900,Nitra,Nitra,Pozemok pre rodinné domy,sale
359000,Nitra,Nitra,Rodinný dom,sale
359000, Komjatice,Nové,Rodinný dom,sale
255000, Bratislava-Dúbravka,Bratislava,4 izbový byt,sale
205000, Bratislava-Ružinov,Bratislava,2 izbový byt,sale
115000,Banská Bystrica,Banská,Obchodné priestory,sale
550, Bratislava-Petržalka,Bratislava,2 izbový byt,rent
216900, Hubice,Dunajská,Rodinný dom,sale
615000, Bratislava-Ružinov,Bratislava,4 izbový byt,sale
399000, Bratislava-Podunajské Biskupice,Bratislava,Rodinný dom,sale
280000, Slovenský Grob,Pezinok,4 izbový byt,sale
190, Bratislava-Staré Mesto,Bratislava,Garáž,rent
274900, Bratislava-Nové Mesto,Bratislava,3 izbový byt,sale
599000, Bratislava-Nové Mesto,Bratislava,4 izbový byt,sale
539000, Bratislava-Ružinov,Bratislava,3 izbový byt,sale
269000, Bratislava-Nové Mesto,Bratislava,3 izbový byt,sale
669000, Bratislava-Staré Mesto,Bratislava,3 izbový byt,sale
255000, Bratislava-Staré Mesto,Bratislava,2 izbový byt,sale
950, Bratislava-Staré Mesto,Bratislava,2 izbový byt,rent
349900, Bratislava-Dúbravka,Bratislava,3 izbový byt,sale
357900, Bratislava-Ružinov,Bratislava,2 izbový byt,sale
270, Nitra,Nitra,"Kancelárie, administratívne priestory",rent
490, Nitra,Nitra,"Kancelárie, administratívne priestory",rent
429500, Miloslavov,Senec,Rodinný dom,sale
566000,Košice-Krásna,Košice,Rodinný dom,sale
249000,Kokšov-Bakša,Košice,Rodinný dom,sale
690, Bratislava-Petržalka,Bratislava,2 izbový byt,rent
540, Bratislava-Ružinov,Bratislava,Garsónka,rent
225.39, Žilina,Žilina,"Kancelárie, administratívne priestory",rent
335000, Hronsek,Banská,Rodinný dom,sale
500, Martin,Martin,2 izbový byt,rent
500, Bratislava-Petržalka,Bratislava,Garsónka,rent
250000,Šolta,,3 izbový byt,sale
375000, Bratislava-Vrakuňa,Bratislava,Rodinný dom,sale
350000, Bratislava-Vrakuňa,Bratislava,Rodinný dom,sale
600, Bratislava-Staré Mesto,Bratislava,Garsónka,rent
430, Bratislava-Ružinov,Bratislava,"Kancelárie, administratívne priestory",rent
1193, Bratislava-Ružinov,Bratislava,"Kancelárie, administratívne priestory",rent
60, Bratislava-Petržalka,Bratislava,Garáž,rent
253.75, Bratislava-Ružinov,Bratislava,"Kancelárie, administratívne priestory",rent
134.4, Bratislava-Ružinov,Bratislava,"Kancelárie, administratívne priestory",rent
450, Bratislava-Ružinov,Bratislava,"Kancelárie, administratívne priestory",rent
377200, Bratislava-Ružinov,Bratislava,3 izbový byt,sale
234937, Bratislava-Rača,Bratislava,2 izbový byt,sale
221695, Bratislava-Petržalka,Bratislava,2 izbový byt,sale
165900, Dunajská Streda,Dunajská,3 izbový byt,sale
450, Bratislava-Rača,Bratislava,1 izbový byt,rent
449900, Bratislava-Staré Mesto,Bratislava,3 izbový byt,sale
590000, Bratislava-Vrakuňa,Bratislava,Rodinný dom,sale
396000,Hrachovište,Nové,Vidiecky dom,sale
264900, Bratislava-Petržalka,Bratislava,3 izbový byt,sale
255000, Pezinok,Pezinok,3 izbový byt,sale
566600, Bratislava-Karlova Ves,Bratislava,4 izbový byt,sale
267500, Pezinok,Pezinok,3 izbový byt,sale
1000, Pezinok,Pezinok,3 izbový byt,rent
800, Bratislava-Karlova Ves,Bratislava,3 izbový byt,rent
600, Bratislava-Devínska Nová Ves,Bratislava,1 izbový byt,rent
889900, Bratislava-Záhorská Bystrica,Bratislava,Rodinný dom,sale
165000,Horný Bar,Dunajská,Rodinný dom,sale
590, Bratislava-Rača,Bratislava,2 izbový byt,rent
118000, Brezno,Brezno,3 izbový byt,sale
4500, Bratislava-Petržalka,Bratislava,1 izbový byt,sale
4300, Bratislava-Petržalka,Bratislava,2 izbový byt,sale
4300, Bratislava-Petržalka,Bratislava,4 izbový byt,sale
4300, Bratislava-Petržalka,Bratislava,3 izbový byt,sale
2600, Bratislava-Staré Mesto,Bratislava,3 izbový byt,rent
2090, Bratislava-Staré Mesto,Bratislava,3 izbový byt,rent
3090, Bratislava-Staré Mesto,Bratislava,5 a viac izbový byt,rent
2190, Bratislava-Staré Mesto,Bratislava,3 izbový byt,rent
146900, Leopoldov,Hlohovec,2 izbový byt,sale
159900, Modra,Pezinok,3 izbový byt,sale
228000, Malinovo,Senec,3 izbový byt,sale
155000, Bratislava-Ružinov,Bratislava,2 izbový byt,sale
399900, Bratislava-Nové Mesto,Bratislava,4 izbový byt,sale
550, Bratislava-Staré Mesto,Bratislava,Garsónka,rent
221900, Bernolákovo,Senec,4 izbový byt,sale
433.08, Bratislava-Ružinov,Bratislava,2 izbový byt,rent
174900, Skalica,Skalica,3 izbový byt,sale
169000, Pezinok,Pezinok,2 izbový byt,sale
339000, Šamorín,Dunajská,Rodinný dom,sale
379000, Šamorín,Dunajská,Rodinný dom,sale
109000, Šamorín,Dunajská,Pozemok pre rodinné domy,sale
379000, Šamorín,Dunajská,Rodinný dom,sale
89900,Bodíky,Dunajská,"Chalupa, rekreačný domček",sale
184900, Dolný Bar,Dunajská,Rodinný dom,sale
99900,Zlaté Klasy,Dunajská,3 izbový byt,sale
65990, Dobrohošť,Dunajská,Záhrada,sale
189900, Šamorín,Dunajská,3 izbový byt,sale
235000,Lubina,Nové,Rodinný dom,sale
457000, Šamorín,Dunajská,Pozemok pre rodinné domy,sale
266000, Lehnice,Dunajská,Rodinný dom,sale
790, Bratislava-Ružinov,Bratislava,Obchodné priestory,rent
479000,Smrečany,Liptovský,Rodinný dom,sale
124990,Trenčianske Stankovce,Trenčín,2 izbový byt,sale
215000, Rovinka,Senec,3 izbový byt,sale
310000, Bratislava-Staré Mesto,Bratislava,2 izbový byt,sale
198000,Vojka nad Dunajom,Dunajská,Rodinný dom,sale
245000, Nitra,Nitra,Rodinný dom,sale
217987, Bratislava-Devínska Nová Ves,Bratislava,2 izbový byt,sale
368000, Čadca,Čadca,Rodinný dom,sale
330000, Bratislava-Podunajské Biskupice,Bratislava,Rodinný dom,sale
415000,Edelstalerstraße,,Rodinný dom,sale
227500, Dunajská Streda,Dunajská,Rodinný dom,sale
209000, Vydrany,Dunajská,Rodinný dom,sale
209000, Dunajská Streda,Dunajská,Rodinný dom,sale
640, Bratislava-Ružinov,Bratislava,2 izbový byt,rent
399900, Budmerice,Pezinok,Rodinný dom,sale
539000,Bratislava-Petržalka,Bratislava,4 izbový byt,sale
269000, Bratislava-Petržalka,Bratislava,2 izbový byt,sale
142000, Bratislava-Podunajské Biskupice,Bratislava,1 izbový byt,sale
1250, Bratislava-Staré Mesto,Bratislava,3 izbový byt,rent
750, Bratislava-Ružinov,Bratislava,2 izbový byt,rent
360000, Nitra,Nitra,Komerčná zóna,sale
229000, Bratislava-Ružinov,Bratislava,2 izbový byt,sale
850, Bratislava-Nové Mesto,Bratislava,3 izbový byt,rent
900, Bratislava-Ružinov,Bratislava,3 izbový byt,rent
139000,Hrašovík,Košice,Pozemok pre rodinné domy,sale
39990,Štúrovo,Nové,"Chalupa, rekreačný domček",sale
223000, Bratislava-Ružinov,Bratislava,2 izbový byt,sale
110000, Liptovský Mikuláš,Liptovský,Pozemok pre rodinné domy,sale
200000, Bobrovec,Liptovský,Rodinný dom,sale
180000, Bobrovec,Liptovský,Pozemok pre rodinné domy,sale
459900, Bratislava-Devínska Nová Ves,Bratislava,4 izbový byt,sale
599900,Ivachnová,Ružomberok,Pozemok pre bytovú výstavbu,sale
389900, Bratislava-Nové Mesto,Bratislava,3 izbový byt,sale
630, Žilina,Žilina,2 izbový byt,rent
38000,Čaňa,Košice,Záhrada,sale
315000, Tomášov,Senec,Rodinný dom,sale
139000,Sečovce,Trebišov,Rodinný dom,sale
559900, Malinovo,Senec,Rodinný dom,sale
259863, Žilina,Žilina,3 izbový byt,sale
189900, Piešťany,Piešťany,4 izbový byt,sale
750, Bratislava-Petržalka,Bratislava,3 izbový byt,rent
220500,Sľažany,Zlaté,Rodinný dom,sale
214000, Levice,Levice,Rodinný dom,sale
299990,Chorvátsky Grob,Senec,Rodinný dom,sale
700,Vlčkovce,Trnava,2 izbový byt,rent
1250,Bratislava-Ružinov,Bratislava,3 izbový byt,rent
189900, Bratislava-Ružinov,Bratislava,2 izbový byt,sale
480000, Košice-Sever,Košice,Rodinný dom,sale
95000, Pezinok,Pezinok,"Chalupa, rekreačný domček",sale
199000, Bratislava-Ružinov,Bratislava,Pozemok pre rodinné domy,sale
300000, Bratislava-Staré Mesto,Bratislava,"Kancelárie, administratívne priestory",sale
255000,Rajka,,Rodinný dom,sale
255000, Prešov,Prešov,Rodinný dom,sale
650, Bratislava-Petržalka,Bratislava,2 izbový byt,rent
210000, Žilina,Žilina,4 izbový byt,sale
256000, Žilina,Žilina,2 izbový byt,sale
550000, Bratislava-Petržalka,Bratislava,3 izbový byt,sale
420000, Bratislava-Staré Mesto,Bratislava,5 a viac izbový byt,sale
250, Hrnčiarovce nad Parnou,Trnava,Pozemok pre rodinné domy,sale
263000, Bratislava-Ružinov,Bratislava,2 izbový byt,sale
209990, Bratislava-Karlova Ves,Bratislava,3 izbový byt,sale
1450, Bratislava-Staré Mesto,Bratislava,3 izbový byt,rent
770, Bratislava-Nové Mesto,Bratislava,2 izbový byt,rent
750,Bratislava-Nové Mesto,Bratislava,2 izbový byt,rent
85512,Plavecké Podhradie,Malacky,Pozemok pre rodinné domy,sale
199900, Borský Mikuláš,Senica,Rodinný dom,sale
294900, Senec,Senec,"Chalupa, rekreačný domček",sale
35000,Heideweg,,Záhradná chatka,sale
800, Košice-Staré Mesto,Košice,2 izbový byt,rent
225000,Bratislava-Dúbravka,Bratislava,3 izbový byt,sale
195000, Bratislava-Podunajské Biskupice,Bratislava,2 izbový byt,sale
109500,Martin,Martin,2 izbový byt,sale
620000, Chorvátsky Grob,Senec,Rodinný dom,sale
299000, Ivanka pri Dunaji,Senec,Rodinný dom,sale
429000, Bratislava-Staré Mesto,Bratislava,3 izbový byt,sale
1749000,Omšenie,Trenčín,Objekt pre obchod,sale
205990, Rovinka,Senec,2 izbový byt,sale
329600, Bratislava-Nové Mesto,Bratislava,4 izbový byt,sale
199990, Bratislava-Vrakuňa,Bratislava,4 izbový byt,sale
2640,Hrádok,Nové,Pozemok pre rodinné domy,sale
149500, Bratislava-Dúbravka,Bratislava,1 izbový byt,sale
269000, Bratislava-Ružinov,Bratislava,3 izbový byt,sale
134990,Vyšný Klátov,Košice,Pozemok pre rodinné domy,sale
738000,Bratislava-Dúbravka,Bratislava,Rodinný dom,sale
180000, Bratislava-Podunajské Biskupice,Bratislava,2 izbový byt,sale
150000,Báč,Dunajská,Rodinný dom,sale
333000, Vysoké Tatry,Poprad,3 izbový byt,sale
437000, Bratislava-Staré Mesto,Bratislava,2 izbový byt,sale
439000, Bratislava-Ružinov,Bratislava,3 izbový byt,sale
28500, Bratislava-Nové Mesto,Bratislava,Garáž,sale
549500, Bratislava-Ružinov,Bratislava,4 izbový byt,sale
599000, Banská Bystrica,Banská,Rodinný dom,sale
800, Bratislava-Jarovce,Bratislava,2 izbový byt,rent
125000, Dolný Vadičov,Kysucké,Záhradná chatka,sale
339000, Bratislava-Nové Mesto,Bratislava,Obchodné priestory,sale
895000, Senec,Senec,Rodinný dom,sale
395000, Bratislava-Vrakuňa,Bratislava,4 izbový byt,sale
69000, Levice,Levice,Pozemok pre rodinné domy,sale
158900, Bratislava-Rača,Bratislava,3 izbový byt,sale
303000, Bratislava-Rusovce,Bratislava,Rodinný dom,sale
1190000, Bratislava-Staré Mesto,Bratislava,5 a viac izbový byt,sale
320000, Pezinok,Pezinok,Rodinný dom,sale
769900, Pezinok,Pezinok,Rodinný dom,sale
2500, Pezinok,Pezinok,Rodinný dom,rent
550000, Bratislava-Podunajské Biskupice,Bratislava,Rodinný dom,sale
429000, Bratislava-Podunajské Biskupice,Bratislava,Rodinný dom,sale
260000, Bratislava-Ružinov,Bratislava,3 izbový byt,sale
155000,Víztorony utca,,3 izbový byt,sale
150000, Liptovský Mikuláš,Liptovský,2 izbový byt,sale
218000, Liptovský Mikuláš,Liptovský,3 izbový byt,sale
295000, Bratislava-Staré Mesto,Bratislava,"Kancelárie, administratívne priestory",sale
294900, Senec,Senec,Rodinný dom,sale
169990, Bratislava-Petržalka,Bratislava,2 izbový byt,sale
287400, Vojka nad Dunajom,Dunajská,Rodinný dom,sale
135000, Dunajská Streda,Dunajská,3 izbový byt,sale
128800, Zohor,Malacky,Pozemok pre rodinné domy,sale
390000, Zálesie,Senec,Rodinný dom,sale
360000, Nové Mesto nad Váhom,Nové,Rodinný dom,sale
243500, Štiavnické Bane,Banská,Rodinný dom,sale
41680, Hodruša-Hámre,Žarnovica,Pozemok pre rodinné domy,sale
385000,Slovenský Grob,Pezinok,Rodinný dom,sale
549000, Borinka,Malacky,Rodinný dom,sale
174000, Senec,Senec,3 izbový byt,sale
306423, Žilina,Žilina,3 izbový byt,sale
242000, Senec,Senec,3 izbový byt,sale
880000, Bratislava-Rača,Bratislava,Rodinný dom,sale
410000, Bratislava-Ružinov,Bratislava,2 izbový byt,sale
175000, Bratislava-Petržalka,Bratislava,3 izbový byt,sale
269900, Bratislava-Staré Mesto,Bratislava,3 izbový byt,sale
156570, Miloslavov,Senec,Pozemok pre rodinné domy,sale
359000,Bremsiedlung,,Rodinný dom,sale
1302400, Bratislava-Nové Mesto,Bratislava,Pozemok pre rodinné domy,sale
279000, Bratislava-Nové Mesto,Bratislava,3 izbový byt,sale
595000,Chorvátsky Grob,Senec,Rodinný dom,sale
97000,Lučenec,Lučenec,3 izbový byt,sale
116500,Kremnica,Žiar,3 izbový byt,sale
137000,Tekovská Breznica,Žarnovica,Rodinný dom,sale
162990,Volkovce,Zlaté,Rodinný dom,sale
246591, Piešťany,Piešťany,3 izbový byt,sale
369963, Senec,Senec,Rodinný dom,sale
119900, Turčianska Štiavnička,Martin,1 izbový byt,sale
750, Bratislava-Dúbravka,Bratislava,3 izbový byt,rent
580, Bratislava-Nové Mesto,Bratislava,1 izbový byt,rent
365000,Nové Zámky,Nové,Rodinný dom,sale
219000,Senec,Senec,3 izbový byt,sale
269900, Liptovský Mikuláš,Liptovský,Rodinný dom,sale
305000, Veľká Lomnica,Kežmarok,Rodinný dom,sale
183000, Žilina,Žilina,2 izbový byt,sale
175000, Rovinka,Senec,2 izbový byt,sale
990000, Bratislava-Vrakuňa,Bratislava,Rodinný dom,sale
275000, Kráľová pri Senci,Senec,Rodinný dom,sale
850, Bratislava-Ružinov,Bratislava,3 izbový byt,rent
99900,Moravské Lieskové,Nové,Rodinný dom,sale
190000, Sokolovce,Piešťany,Rodinný dom,sale
143000,Lubina,Nové,Rodinný dom,sale
245000, Dunajská Streda,Dunajská,Rodinný dom,sale
309000, Dunajská Streda,Dunajská,Rodinný dom,sale
159000, Dunajská Streda,Dunajská,3 izbový byt,sale
185000, Dunajská Streda,Dunajská,Rodinný dom,sale
329000, Hrubá Borša,Senec,Rodinný dom,sale
228000, Dunajská Streda,Dunajská,Rodinný dom,sale
259000, Bratislava-Podunajské Biskupice,Bratislava,Rodinný dom,sale
453870, Dunajská Streda,Dunajská,3 izbový byt,sale
290000, Vydrany,Dunajská,Rodinný dom,sale
135000, Vaďovce,Nové,Rodinný dom,sale
330000, Nová Dedinka,Senec,Rodinný dom,sale
391000, Šamorín,Dunajská,Rodinný dom,sale
265000, Dunajská Streda,Dunajská,Rodinný dom,sale
249900, Bratislava-Ružinov,Bratislava,3 izbový byt,sale
159000, Stupava,Malacky,2 izbový byt,sale
345000, Šamorín,Dunajská,Rodinný dom,sale
299000, Dunajská Streda,Dunajská,Rodinný dom,sale
169000, Bratislava-Rača,Bratislava,Rekreačný pozemok,sale
290000, Bratislava-Podunajské Biskupice,Bratislava,3 izbový byt,sale
509000, Ivanka pri Dunaji,Senec,Rodinný dom,sale
99500, Veľké Leváre,Malacky,Rodinný dom,sale
610, Bratislava-Ružinov,Bratislava,2 izbový byt,rent
229900, Bratislava-Petržalka,Bratislava,2 izbový byt,sale
450, Bratislava-Petržalka,Bratislava,Garsónka,rent
699000,Trnava,Trnava,Rodinný dom,sale
234990, Bratislava-Dúbravka,Bratislava,3 izbový byt,sale
274990,Slovenský Grob,Pezinok,3 izbový byt,sale
257500,Stupava,Malacky,Pozemok pre rodinné domy,sale
337990,Bratislava-Vajnory,Bratislava,4 izbový byt,sale
165000, Pezinok,Pezinok,2 izbový byt,sale
2970000, Kolíňany,Nitra,Administratívny objekt,sale
285000,Banská Štiavnica,Banská,Rodinný dom,sale
172000, Solčany,Topoľčany,Rodinný dom,sale
560, Bratislava-Ružinov,Bratislava,2 izbový byt,rent
315000, Bratislava-Ružinov,Bratislava,Administratívny objekt,sale
204000,Nitrianske Hrnčiarovce,Nitra,2 izbový byt,sale
190000,Rogoznica,,Apartmán,sale
1120, Bratislava-Rača,Bratislava,3 izbový byt,rent
250000, Bratislava-Petržalka,Bratislava,3 izbový byt,sale
1190, Bratislava-Staré Mesto,Bratislava,4 izbový byt,rent
160000, Prievidza,Prievidza,Pozemok pre rodinné domy,sale
289900, Bratislava-Petržalka,Bratislava,3 izbový byt,sale
459000, Nitra,Nitra,Rodinný dom,sale
224000, Zlaté Moravce,Zlaté,Rodinný dom,sale
311900, Moravany nad Váhom,Piešťany,Rodinný dom,sale
224, Bratislava-Nové Mesto,Bratislava,3 izbový byt,rent
131000, Veľký Šariš,Prešov,2 izbový byt,sale
285000, Košice-Západ,Košice,3 izbový byt,sale
452000,Kittsee,,Rodinný dom,sale
349900, Kvetoslavov,Dunajská,Rodinný dom,sale
130000,Dunajská Streda,Dunajská,3 izbový byt,sale
850, Bratislava-Ružinov,Bratislava,3 izbový byt,rent
160000, Vojka nad Dunajom,Dunajská,3 izbový byt,sale
107000,Mojmírovce,Nitra,Rodinný dom,sale
129500, Bratislava-Petržalka,Bratislava,Garsónka,sale
269000, Stupava,Malacky,Rodinný dom,sale
269000, Stupava,Malacky,3 izbový byt,sale
212000,Košice-Sídlisko KVP,Košice,3 izbový byt,sale
204990, Košice-Západ,Košice,3 izbový byt,sale
399999, Vrútky,Martin,Rodinný dom,sale
301999, Horná Potôň,Dunajská,Rodinný dom,sale
333000, Bratislava-Staré Mesto,Bratislava,3 izbový byt,sale
244900, Bratislava-Staré Mesto,Bratislava,2 izbový byt,sale
359900, Bratislava-Ružinov,Bratislava,3 izbový byt,sale
147600, Senec,Senec,Pozemok pre rodinné domy,sale
450000, Nitra,Nitra,Rodinný dom,sale
375000,Nitra,Nitra,Rodinný dom,sale
340000,Nitra,Nitra,Rodinný dom,sale
137760, Nitra,Nitra,Pozemok pre rodinné domy,sale
1276000, Zvolen,Zvolen,Komerčná zóna,sale
185000, Prašník,Piešťany,Rodinný dom,sale
199900, Dolná Lehota,Brezno,"Chalupa, rekreačný domček",sale
329000,Šarišské Bohdanovce,Prešov,Rodinný dom,sale
123000, Bratislava-Rača,Bratislava,Rodinný dom,sale
123000, Bratislava-Rača,Bratislava,"Chata, drevenica, zrub",sale
165000, Hlohovec,Hlohovec,4 izbový byt,sale
173000, Piešťany,Piešťany,3 izbový byt,sale
250163, Žilina,Žilina,3 izbový byt,sale
458850, Marianka,Malacky,Pozemok pre rodinné domy,sale
195000, Bratislava-Staré Mesto,Bratislava,Obchodné priestory,sale
800, Púchov,Púchov,Obchodné priestory,rent
234, Púchov,Púchov,"Kancelárie, administratívne priestory",rent
299800, Púchov,Púchov,Rodinný dom,sale
